source,destination,total_flow,utilisation
1,2,385.0,8.555555555555555
1,5,45.0,1.0
2,6,45.0,1.0
3,1,270.0,6.0
3,4,45.0,1.0
3,14,465.0,10.333333333333334
6,5,120.0,2.6666666666666665
6,7,45.0,1.0
4,7,360.0,8.0
14,3,540.0,12.0
14,13,45.0,1.0
7,11,45.0,1.0
10,8,200.0,4.444444444444445
8,9,200.0,4.444444444444445
13,11,195.0,4.333333333333333
