source,destination,flow
4,3,41.093442
14,3,45.0
7,4,41.093442
11,7,41.093442
13,11,41.093442
13,14,45.0
